{
    "model_a": {
        "avg_precision": 0.6169596910476685,
        "avg_recall": 0.69612056016922,
        "avg_f1_score": 0.6524550318717957,
        "avg_f3_score": 0.6865814924240112
    },
    "model_b": {
        "avg_precision": 0.6496725082397461,
        "avg_recall": 0.7369462251663208,
        "avg_f1_score": 0.6878429651260376,
        "avg_f3_score": 0.7260358929634094
    },
    "model_c": {
        "avg_precision": 0.7421875,
        "avg_recall": 0.7807868123054504,
        "avg_f1_score": 0.7580033540725708,
        "avg_f3_score": 0.7755858898162842
    },
    "model_d": {
        "avg_precision": 0.8190996646881104,
        "avg_recall": 0.7882862687110901,
        "avg_f1_score": 0.801009476184845,
        "avg_f3_score": 0.7903977632522583
    }
}